theta,theta_over_pi,arrow_strength,monotonicity,sz_k0,S_k0,sz_k1,S_k1,sz_k2,S_k2,sz_k3,S_k3,sz_k4,S_k4,sz_k5,S_k5,sz_k6,S_k6,sz_k7,S_k7,sz_k8,S_k8,sz_k9,S_k9,sz_k10,S_k10,sz_k11,S_k11,sz_k12,S_k12,sz_k13,S_k13,sz_k14,S_k14,sz_k15,S_k15,sz_k16,S_k16,sz_k17,S_k17,sz_k18,S_k18,sz_k19,S_k19,sz_k20,S_k20,sz_k21,S_k21,sz_k22,S_k22,sz_k23,S_k23,sz_k24,S_k24,sz_k25,S_k25,sz_k26,S_k26,sz_k27,S_k27,sz_k28,S_k28,sz_k29,S_k29
0.000000,0.000000,0.99953342,1.00000000,1.00000000,0.00000000,0.97693454,0.01188540,0.90933411,0.03853701,0.80184933,0.07463286,0.66178755,0.11712718,0.49849308,0.16376018,0.32256633,0.21271556,0.14499691,0.26248835,-0.02370672,0.31182364,-0.17431077,0.35968443,-0.29950230,0.40523259,-0.39433457,0.44781530,-0.45644028,0.48695346,-0.48600576,0.52232982,-0.48552342,0.55377589,-0.45936113,0.58125709,-0.41320320,0.60485609,-0.35342713,0.62475445,-0.28648243,0.64121293,-0.21833221,0.65455125,-0.15400719,0.66512765,-0.09730508,0.67331939,-0.05064993,0.67950472,-0.01510720,0.68404719,0.00946667,0.68728298,0.02417401,0.68951145,0.03076686,0.69098944,0.03132261,0.69192893,0.02794467,0.69249791,0.02251995,0.69282377
0.062832,0.020000,0.99180085,1.00000000,0.99900591,0.00416860,0.97614212,0.00494343,0.90564397,0.02761673,0.79261993,0.06342120,0.64553698,0.10799848,0.47534170,0.15807577,0.29426814,0.21092858,0.11453450,0.26429484,-0.05285073,0.31637759,-0.19899566,0.36584672,-0.31765156,0.41181230,-0.40535733,0.45376846,-0.46127063,0.49151739,-0.48678864,0.52508661,-0.48506233,0.55465087,-0.45814166,0.58209541,-0.40771080,0.60697763,-0.34216372,0.62754451,-0.26917159,0.64406603,-0.19572415,0.65697601,-0.12747468,0.66680600,-0.06838870,0.67411903,-0.02068781,0.67945461,0.01497589,0.68329129,0.03920291,0.68602705,0.05347054,0.68797470,0.05976150,0.68936779,0.06023722,0.69037254,0.05697616,0.69110241,0.05178446,0.69163257
0.125664,0.040000,0.97408961,0.96551724,0.99590201,0.01435403,0.97330630,0.00380734,0.89989336,0.01983643,0.78129579,0.05435035,0.62728980,0.10060788,0.45057018,0.15394460,0.26504250,0.21051514,0.08403150,0.26720366,-0.08119609,0.32167415,-0.22233935,0.37237042,-0.33435012,0.41843499,-0.41521524,0.45956939,-0.46543019,0.49587243,-0.48735719,0.52768712,-0.48460803,0.55547406,-0.45681307,0.58298736,-0.40166505,0.60919247,-0.32981693,0.63036394,-0.25041305,0.64680577,-0.17160492,0.65911531,-0.09965230,0.66804354,-0.03856925,0.67436435,0.00976704,0.67878016,0.04522076,0.68187068,0.06889204,0.68407773,0.08262725,0.68571387,0.08861023,0.68698340,0.08905404,0.68800784,0.08598666,0.68885105,0.08111499,0.68954150
0.188496,0.060000,0.94810943,0.96551724,0.99049664,0.02938067,0.96823429,0.00945915,0.89190801,0.01617465,0.76774606,0.04789931,0.60698767,0.09520837,0.42420907,0.15148689,0.23499120,0.21150150,0.05360611,0.27117734,-0.10867378,0.32764722,-0.24435892,0.37919535,-0.34968782,0.42506816,-0.42401989,0.46521594,-0.46900025,0.50003423,-0.48774217,0.53014764,-0.48416070,0.55625137,-0.45535804,0.58394007,-0.39498052,0.61150854,-0.31624610,0.63320461,-0.23007318,0.64940405,-0.14590796,0.66093065,-0.07056047,0.66880548,-0.00793390,0.67403431,0.04059723,0.67747695,0.07550950,0.67979534,0.09842906,0.68145522,0.11155193,0.68275514,0.11722706,0.68386453,0.11768598,0.68486108,0.11488271,0.68576372,0.11040935,0.68656004
0.251327,0.080000,0.91472243,0.93103448,0.98258699,0.04866764,0.96072080,0.02069710,0.88150511,0.01748473,0.75183972,0.04455222,0.58458111,0.09203909,0.39630179,0.15080307,0.20422378,0.21389724,0.02337365,0.27616989,-0.13522435,0.33423137,-0.26507757,0.38626754,-0.36375010,0.43168558,-0.43187038,0.47070869,-0.47204996,0.50401755,-0.48796893,0.53248252,-0.48372027,0.55698789,-0.45375551,0.58496194,-0.38755460,0.61393405,-0.30128869,0.63605482,-0.20800827,0.65182681,-0.11857371,0.66237862,-0.04023541,0.66905500,0.02341719,0.67310800,0.07168118,0.67554137,0.10572842,0.67707571,0.12771866,0.67817969,0.14016504,0.67912472,0.14554040,0.68004018,0.14606161,0.68096080,0.14358748,0.68186490,0.13958239,0.68270492
0.314159,0.100000,0.87455579,0.93103448,0.97196092,0.07180218,0.95054969,0.03657886,0.86849542,0.02395307,0.73344830,0.04470993,0.56003235,0.09130319,0.36690601,0.15196755,0.17285734,0.21769474,-0.00655376,0.28212814,-0.16079708,0.34136267,-0.28452298,0.39353892,-0.37661752,0.43826639,-0.43885459,0.47605021,-0.47463833,0.50783627,-0.48805837,0.53470442,-0.48328654,0.55768807,-0.45197970,0.58606284,-0.37926315,0.61647731,-0.28475685,0.63889810,-0.18406561,0.65403284,-0.08955352,0.66341057,-0.00873203,0.66875343,0.05537017,0.67156493,0.10289352,0.67297070,0.13576830,0.67372266,0.15667468,0.67427122,0.16839840,0.67484851,0.17349121,0.67553952,0.17412301,0.67633684,0.17203849,0.67718211,0.16856375,0.67799807
0.376991,0.120000,0.82815013,0.89655172,0.95839989,0.09843507,0.93749663,0.05654209,0.85268630,0.03515330,0.71244952,0.04859092,0.53331838,0.09314550,0.33609510,0.15502382,0.14101633,0.22286940,-0.03606750,0.28899309,-0.18534907,0.34897946,-0.30272602,0.40096697,-0.38836541,0.44479416,-0.44505032,0.48124454,-0.47681581,0.51150332,-0.48802781,0.53682455,-0.48285919,0.55835579,-0.44999867,0.58725454,-0.36995509,0.61914640,-0.26643366,0.64171176,-0.15808569,0.65597259,-0.05881465,0.66397230,0.02387276,0.66786052,0.08779690,0.66938521,0.13410560,0.66976319,0.16552453,0.66974748,0.18521956,0.66974967,0.19619399,0.66995194,0.20103136,0.67039138,0.20182389,0.67101945,0.20018557,0.67174464,0.19729592,0.67246500
0.439823,0.140000,0.77602438,0.79310345,0.94168285,0.12823436,0.92133282,0.08016638,0.83388583,0.05052114,0.68873159,0.05618990,0.50443441,0.09763641,0.30395946,0.15998170,0.10883224,0.22938062,-0.06506269,0.29670128,-0.20884449,0.35702281,-0.31971962,0.40851434,-0.39906379,0.45125625,-0.45052642,0.48629673,-0.47862558,0.51503075,-0.48789164,0.53885292,-0.48243780,0.55899444,-0.44777246,0.58855113,-0.35944517,0.62194858,-0.24606913,0.64446499,-0.12990590,0.65758672,-0.02634630,0.66400389,0.05747681,0.66633479,0.12055459,0.66654990,0.16518603,0.66591818,0.19489721,0.66516187,0.21328361,0.66463462,0.22350272,0.66445974,0.22812209,0.66462391,0.22912780,0.66503864,0.22798905,0.66558252,0.22573238,0.66613347
0.502655,0.160000,0.71871222,0.68965517,0.92159157,0.16085906,0.90183015,0.10707977,0.81190808,0.06955589,0.66219838,0.06732012,0.47339754,0.10476673,0.27060769,0.16681708,0.07644306,0.23717318,-0.09343839,0.30518610,-0.23125370,0.36543698,-0.33553782,0.41614837,-0.40877739,0.45764311,-0.45534374,0.49121252,-0.48010466,0.51842972,-0.48766184,0.54079842,-0.48202193,0.55960706,-0.44525041,0.58996963,-0.34750469,0.62488947,-0.22337626,0.64711632,-0.09936628,0.65880455,0.00783290,0.66343966,0.09194925,0.66413400,0.15348563,0.66304133,0.19600128,0.66143618,0.22379119,0.65997795,0.24080443,0.65894532,0.25028331,0.65839576,0.25473266,0.65826420,0.25600665,0.65842364,0.25541812,0.65872574,0.25383604,0.65903241
0.565487,0.180000,0.65678577,0.58620690,0.89791747,0.19594186,0.87876794,0.13691536,0.78657992,0.09182069,0.63277553,0.08169085,0.44025064,0.11445412,0.23616753,0.17547386,0.04399279,0.24617918,-0.12109778,0.31437898,-0.25255249,0.37416956,-0.35021502,0.42384063,-0.41756573,0.46394777,-0.45955603,0.49599809,-0.48128483,0.52171060,-0.48734835,0.54266906,-0.48161108,0.56019631,-0.44236751,0.59153077,-0.33384926,0.62797161,-0.19802785,0.64961038,-0.06631820,0.65954240,0.04366613,0.66220833,0.12712726,0.66121582,0.18641778,0.65884347,0.22641636,0.65631906,0.25211608,0.65420826,0.26772619,0.65270058,0.27650132,0.65178290,0.28083910,0.65133813,0.28243936,0.65120255,0.28244944,0.65120369,0.28157777,0.65119106
0.628319,0.200000,0.59087187,0.55172414,0.87047004,0.23307718,0.85194150,0.16928686,0.75774924,0.11690845,0.60041728,0.09896670,0.40506622,0.12655680,0.20078666,0.18586758,0.01163068,0.25632006,-0.14794829,0.32421048,-0.27272142,0.38317162,-0.36378534,0.43156652,-0.42548334,0.47016539,-0.46321069,0.50065988,-0.48219338,0.52488295,-0.48695947,0.54447202,-0.48120472,0.56076459,-0.43903896,0.59326005,-0.31812269,0.63119225,-0.16965485,0.65187375,-0.03063696,0.65970199,0.08104823,0.66023353,0.16281309,0.65753853,0.21916472,0.65394235,0.25629550,0.65057015,0.27978618,0.64786579,0.29399904,0.64591879,0.30212809,0.64464296,0.30642309,0.64387014,0.30841065,0.64340202,0.30906590,0.64304462,0.30893517,0.64263835
0.691150,0.220000,0.52166303,0.51724138,0.83908712,0.27181314,0.82117261,0.20377338,0.72529473,0.14441491,0.56511406,0.11879665,0.36795030,0.14088922,0.16463293,0.19789000,-0.02048959,0.26750871,-0.17390170,0.33461113,-0.29174508,0.39239770,-0.37628213,0.43930485,-0.43257989,0.47629285,-0.46634947,0.50520445,-0.48285371,0.52795569,-0.48650207,0.54621378,-0.48080233,0.56131405,-0.43515239,0.59518915,-0.29987585,0.63453988,-0.13784812,0.65380966,0.00776075,0.65916899,0.11981436,0.65743465,0.19877168,0.65306201,0.25152694,0.64832654,0.28550297,0.64419442,0.30672040,0.64096401,0.31957841,0.63861786,0.32713997,0.63699663,0.33147107,0.63588318,0.33391007,0.63504709,0.33525553,0.63427541,0.33589146,0.63340239
0.753982,0.240000,0.44992308,0.51724138,0.80364685,0.31164722,0.78632197,0.23991030,0.68913719,0.17392158,0.52690063,0.14082347,0.32904591,0.15723600,0.12789438,0.21141392,-0.05221082,0.27965154,-0.19887423,0.34551227,-0.30961150,0.40180576,-0.38773756,0.44703738,-0.43890052,0.48232843,-0.46900909,0.50963835,-0.48328591,0.53093704,-0.48598182,0.54790025,-0.48040333,0.56184662,-0.43055601,0.59735779,-0.27853904,0.63798874,-0.10216640,0.65529137,0.04889306,0.65781199,0.15972789,0.65372817,0.23472913,0.64774884,0.28329309,0.64198764,0.31390385,0.63719864,0.33284219,0.63351686,0.34442446,0.63081523,0.35151746,0.62886345,0.35597329,0.62739859,0.35893104,0.62616102,0.36101059,0.62492131,0.36243451,0.62351014
0.816814,0.260000,0.37648728,0.48275862,0.76408108,0.35202605,0.74730335,0.27718512,0.64925200,0.20498637,0.48586428,0.16468508,0.28853599,0.17536258,0.09077862,0.22629786,-0.08337342,0.29265036,-0.22278655,0.35684661,-0.32631158,0.41135706,-0.39818230,0.45474854,-0.44448596,0.48827155,-0.47122174,0.51396807,-0.48350714,0.53383466,-0.48540341,0.54953676,-0.48000718,0.56236406,-0.42504036,0.59981632,-0.25338640,0.64149011,-0.06215481,0.65615424,0.09268189,0.65548221,0.20046828,0.64902965,0.27037241,0.64156558,0.31424189,0.63492086,0.34136489,0.62959155,0.35807935,0.62553888,0.36850145,0.62252783,0.37524452,0.62026175,0.37992313,0.61843611,0.38347013,0.61676528,0.38632674,0.61500579,0.38855601,0.61298715
0.879646,0.280000,0.30225583,0.48275862,0.72038996,0.39234964,0.70409923,0.31503834,0.60568238,0.23714053,0.44215284,0.19001430,0.24664559,0.19502294,0.05351174,0.24239013,-0.11381650,0.30640409,-0.24556388,0.36854872,-0.34183858,0.42101598,-0.40764527,0.46242505,-0.44937287,0.49412253,-0.47301556,0.51819996,-0.48353203,0.53665565,-0.48477061,0.55112823,-0.47961329,0.56286797,-0.41830931,0.60262924,-0.22349172,0.64495867,-0.01738106,0.65618650,0.13891391,0.65201457,0.24162002,0.64325638,0.30535059,0.63448430,0.34414436,0.62712558,0.36775539,0.62138407,0.38236392,0.61704514,0.39177723,0.61377215,0.39830791,0.61120872,0.40331643,0.60901390,0.40752638,0.60687951,0.41120237,0.60455051,0.41425070,0.60185742
0.942478,0.300000,0.22818002,0.44827586,0.67265675,0.43198098,0.65677696,0.35286997,0.55855267,0.26989095,0.39598179,0.21643986,0.20364285,0.21596533,0.01633654,0.25953252,-0.14337925,0.32081023,-0.26713592,0.38055538,-0.35618765,0.43074987,-0.41615345,0.47005558,-0.45359400,0.49988241,-0.47441505,0.52234022,-0.48337301,0.53940665,-0.48408648,0.55267915,-0.47922109,0.56335983,-0.40993238,0.60587985,-0.18767707,0.64825078,0.03250095,0.65511956,0.18719410,0.64723064,0.28266419,0.63633082,0.33927806,0.62648423,0.37276669,0.61860597,0.39294807,0.61258947,0.40563202,0.60805142,0.41422271,0.60456421,0.42069663,0.60172043,0.42615087,0.59914852,0.43110071,0.59652155,0.43563796,0.59357528,0.43951580,0.59014332
1.005310,0.320000,0.15524016,0.44827586,0.62106216,0.47026129,0.60550466,0.39005180,0.50808074,0.30272780,0.34763977,0.24358973,0.15983863,0.23793677,-0.02048977,0.27756334,-0.17190219,0.33576617,-0.28743694,0.39280586,-0.36935539,0.44052880,-0.42373176,0.47763056,-0.45717845,0.50555277,-0.47544138,0.52639485,-0.48304051,0.54209382,-0.48335337,0.55419365,-0.47882999,0.56384097,-0.39926311,0.60967635,-0.14446315,0.65113052,0.08764670,0.65261922,0.23689442,0.64094428,0.32297470,0.62818498,0.37173992,0.61755361,0.39987346,0.60937163,0.41682001,0.60322357,0.42782368,0.59857417,0.43581135,0.59491967,0.44240136,0.59181183,0.44842551,0.58885503,0.45419540,0.58570744,0.45963560,0.58209808,0.46435038,0.57786556
1.068142,0.340000,0.08441509,0.41379310,0.56589663,0.50653116,0.55056516,0.42594597,0.45458816,0.33513711,0.29749178,0.27109694,0.11558445,0.26068716,-0.05669861,0.29632014,-0.19922864,0.35117027,-0.30640571,0.40524208,-0.38133951,0.45032534,-0.43040291,0.48514185,-0.46015184,0.51113559,-0.47611276,0.53036965,-0.48254323,0.54472295,-0.48257308,0.55567559,-0.47843940,0.56431267,-0.38529358,0.61415886,-0.09204665,0.65321719,0.14786064,0.64828102,0.28710338,0.63297089,0.36182145,0.61876554,0.40229979,0.60769163,0.42523132,0.59943820,0.43925349,0.59330492,0.44888265,0.58863064,0.45651876,0.58485379,0.46341402,0.58149686,0.47014032,0.57814703,0.47681369,0.57445157,0.48319847,0.57013512,0.48875491,0.56504324
1.130973,0.360000,0.01664394,0.41379310,0.50756924,0.54015716,0.49236661,0.45992939,0.39850681,0.36661770,0.24597925,0.29860746,0.07126856,0.28397317,-0.09201361,0.31564202,-0.22520616,0.36692282,-0.32398549,0.41780871,-0.39213848,0.46011439,-0.43618736,0.49258256,-0.46253652,0.51663320,-0.47644461,0.53427019,-0.48188825,0.54729946,-0.48174686,0.55712853,-0.47804873,0.56477609,-0.36638134,0.61950451,-0.02836952,0.65390703,0.21236846,0.64163475,0.33658673,0.62314097,0.39838289,0.60803991,0.43051011,0.59691043,0.44861293,0.58882800,0.46013694,0.58285501,0.46875627,0.57823895,0.47632227,0.57438159,0.48372733,0.57078851,0.49129578,0.56703676,0.49895935,0.56276672,0.50633052,0.55770095,0.51273080,0.55169386
1.193805,0.380000,-0.04721840,0.41379310,0.44661159,0.57056278,0.43144762,0.49142300,0.34038049,0.39670169,0.19361619,0.32578983,0.02731009,0.30756215,-0.12615474,0.33537168,-0.24968803,0.38292679,-0.34012405,0.43045320,-0.40175124,0.46987291,-0.44110324,0.49994681,-0.46435172,0.52204809,-0.47644984,0.53810183,-0.48108128,0.54982845,-0.48087550,0.55855582,-0.47765734,0.56523232,-0.33970803,0.62591924,0.04857269,0.65226482,0.27952689,0.63216609,0.38377422,0.61131859,0.43176980,0.59600281,0.45592467,0.58523710,0.46980117,0.57757056,0.47936576,0.57189844,0.48739530,0.56741816,0.49520054,0.56351784,0.50333444,0.55969889,0.51189256,0.55553520,0.52063639,0.55066414,0.52903606,0.54480853,0.53628008,0.53783348
1.256637,0.400000,-0.10644918,0.41379310,0.38367501,0.59726174,0.36847541,0.51992412,0.28086012,0.42497691,0.14098112,0.35234526,-0.01584889,0.33123590,-0.15884289,0.35535722,-0.27253471,0.39908852,-0.35477360,0.44312581,-0.41017698,0.47957974,-0.44516633,0.50722960,-0.46561371,0.52738291,-0.47613903,0.54186971,-0.48012665,0.55231473,-0.47995935,0.55996060,-0.47726462,0.56568241,-0.30014051,0.63357345,0.13988708,0.64689791,0.34651677,0.61936553,0.42679101,0.59742457,0.46106145,0.58268306,0.47811307,0.57271550,0.48859341,0.56570314,0.49684315,0.56046307,0.50475377,0.55618839,0.51313321,0.55227724,0.52222858,0.54823932,0.53193115,0.54365215,0.54184871,0.53815372,0.55131948,0.53146936,0.55940499,0.52347680
1.319469,0.420000,-0.16050487,0.37931034,0.31952019,0.61989084,0.30423536,0.54503896,0.22069160,0.45110917,0.08870437,0.37801760,-0.05775292,0.35479414,-0.18980479,0.37545374,-0.29361524,0.41531826,-0.36789081,0.45577954,-0.41741487,0.48921536,-0.44839003,0.51442661,-0.46633593,0.53264038,-0.47552056,0.54557874,-0.47902753,0.55476283,-0.47899833,0.56134584,-0.47686993,0.56612734,-0.23770840,0.64232049,0.24392392,0.63587438,0.40913457,0.60281435,0.46355167,0.58146326,0.48535327,0.56815013,0.49667641,0.55940779,0.50480574,0.55327113,0.51248086,0.54858021,0.52078881,0.54457093,0.53010061,0.54067444,0.54040273,0.53642050,0.55141161,0.53139637,0.56259987,0.52524410,0.57318496,0.51769363,0.58210771,0.50863734
1.382301,0.440000,-0.20906265,0.37931034,0.25499836,0.63823880,0.23961137,0.56651171,0.16069614,0.47486177,0.03745108,0.40260161,-0.09794434,0.37805742,-0.21877810,0.39552466,-0.31280865,0.43153061,-0.37943674,0.46837010,-0.42346392,0.49876172,-0.45078536,0.52153406,-0.46652909,0.53782319,-0.47460074,0.54923361,-0.47778591,0.55717708,-0.47799200,0.56271436,-0.47647260,0.56656805,-0.13202649,0.65056383,0.35300611,0.61685533,0.46188136,0.58231212,0.49192624,0.56355011,0.50381342,0.55251963,0.51126319,0.54539556,0.51827699,0.54032830,0.52619996,0.53628472,0.53546056,0.53258833,0.54608341,0.52872422,0.55784935,0.52425253,0.57033331,0.51877569,0.58289280,0.51194277,0.59463621,0.50349038,0.60439008,0.49332761
1.445133,0.460000,-0.25205070,0.37931034,0.19102472,0.65226755,0.17555718,0.58424656,0.10174335,0.49610976,-0.01209948,0.42594873,-0.13597536,0.40086929,-0.24551641,0.41544286,-0.33000517,0.44764491,-0.38937691,0.48085581,-0.42832281,0.50820205,-0.45236092,0.52854858,-0.46620128,0.54293402,-0.47338392,0.55283882,-0.47640273,0.55956159,-0.47693952,0.56406886,-0.47607194,0.56700546,0.05647936,0.65079899,0.44966612,0.58775678,0.49857657,0.55803416,0.50997052,0.54393540,0.51574298,0.53595675,0.52158458,0.53078031,0.52887231,0.52693697,0.53793138,0.52361514,0.54873204,0.52026455,0.56106244,0.51644158,0.57456011,0.51174513,0.58869467,0.50579716,0.60272961,0.49825627,0.61567623,0.48886764,0.62625332,0.47755931
1.507964,0.480000,-0.28966235,0.37931034,0.12854496,0.66212218,0.11306015,0.59831856,0.04471869,0.51484627,-0.05927704,0.44796932,-0.17142061,0.42309746,-0.26979415,0.43509151,-0.34510743,0.46358546,-0.39768119,0.49319750,-0.43198979,0.51752066,-0.45312293,0.53546711,-0.46535803,0.54797543,-0.47187255,0.55639865,-0.47487786,0.56192028,-0.47583969,0.56541193,-0.47566723,0.56744044,0.35621205,0.61560283,0.50688241,0.54823754,0.51358640,0.53068074,0.51618785,0.52301772,0.52063280,0.51867680,0.52742765,0.51568314,0.53648635,0.51316787,0.54761656,0.51061377,0.56056909,0.50762511,0.57501839,0.50384191,0.59052563,0.49890776,0.60649295,0.49246720,0.62211135,0.48419033,0.63630712,0.47383264,0.64769782,0.46134354
1.570796,0.500000,-0.32235013,0.34482759,0.06849759,0.66812718,0.05309992,0.60897095,-0.00951257,0.53117948,-0.10344461,0.46863084,-0.20388928,0.44463395,-0.29141102,0.45436467,-0.35803142,0.47928179,-0.40432387,0.50535840,-0.43446256,0.52670279,-0.45307520,0.54228674,-0.46400235,0.55294987,-0.47006725,0.55991717,-0.47321015,0.56425693,-0.47469095,0.56674610,-0.47525774,0.56787386,0.49700234,0.50167948,0.49913738,0.50164377,0.50339894,0.50154748,0.50976777,0.50133980,0.51820921,0.50094185,0.52866570,0.50024358,0.54104564,0.49909994,0.55520783,0.49732673,0.57094022,0.49469721,0.58793160,0.49094117,0.60573528,0.48574977,0.62372401,0.47879174,0.64103780,0.46975001,0.65652982,0.45839205,0.66872286,0.44469110
1.633628,0.520000,-0.35079825,0.55172414,0.01177466,0.67076755,-0.00339459,0.61659750,-0.06014193,0.54531959,-0.14402187,0.48795197,-0.23303640,0.46539404,-0.31019585,0.47316756,-0.36870738,0.49466873,-0.40928367,0.51730404,-0.43573825,0.53573447,-0.45221915,0.54900465,-0.46213481,0.55785962,-0.46796683,0.56339827,-0.47139746,0.56657517,-0.47349134,0.56807381,-0.47484266,0.56830657,0.14433851,0.39881243,0.42126601,0.45555458,0.46788112,0.47243432,0.49073893,0.47956103,0.50846149,0.48305294,0.52526462,0.48461736,0.54251030,0.48481976,0.56066887,0.48380397,0.57981664,0.48150993,0.59978193,0.47775606,0.62017694,0.47228056,0.64038212,0.46477642,0.65950726,0.45493998,0.67634392,0.44255213,0.68932641,0.42761273
1.696460,0.540000,-0.37587436,0.51724138,-0.04081555,0.67065574,-0.05558600,0.62171073,-0.10645159,0.55755678,-0.18050616,0.50599324,-0.25857234,0.48531438,-0.32600980,0.49141664,-0.37708040,0.50968653,-0.41254370,0.52900215,-0.43581331,0.54460232,-0.45055382,0.55561802,-0.45975354,0.56270673,-0.46556831,0.56684562,-0.46943661,0.56887849,-0.47223855,0.56939745,-0.47442118,0.56873942,-0.18407199,0.39998723,0.29501317,0.41876475,0.41051094,0.44535492,0.45998966,0.45840580,0.49164652,0.46533779,0.51728479,0.46897322,0.54087485,0.47042089,0.56397485,0.47009926,0.58717219,0.46809438,0.61054853,0.46430421,0.63383678,0.45850986,0.65645970,0.45042678,0.67751636,0.43976465,0.69574745,0.42631906,0.70950489,0.41011949
1.759292,0.560000,-0.39856461,0.48275862,-0.08858070,0.66848705,-0.10276336,0.62489922,-0.14784286,0.56823241,-0.21248937,0.52284505,-0.28027014,0.50435026,-0.33874863,0.50903938,-0.38311096,0.52428080,-0.41409156,0.54042250,-0.43468359,0.55329349,-0.44807585,0.56212389,-0.45685420,0.56749302,-0.46286688,0.57026271,-0.46732339,0.57117031,-0.47092983,0.57071939,-0.47399242,0.56917326,-0.34151197,0.43099293,0.15333484,0.39635629,0.33739540,0.42211620,0.41914631,0.43859360,0.46826951,0.44813487,0.50487836,0.45348878,0.53616819,0.45600283,0.56511270,0.45627014,0.59298333,0.45448387,0.62020975,0.45060445,0.64669910,0.44444784,0.67194718,0.43574848,0.69505981,0.42422845,0.71473664,0.40969922,0.72925293,0.39222312
1.822124,0.580000,-0.41989853,0.44827586,-0.13096875,0.66498795,-0.14436816,0.62677850,-0.18385664,0.57770692,-0.23966951,0.53861456,-0.29797030,0.52247236,-0.34834407,0.52597383,-0.38677512,0.53840246,-0.41391933,0.55153681,-0.43234430,0.56179546,-0.44477951,0.56851914,-0.45343003,0.57222005,-0.45985589,0.57365284,-0.46505252,0.57345393,-0.46956202,0.57204198,-0.47355542,0.56960893,-0.41342860,0.45787550,0.02128047,0.38783719,0.25559120,0.40393708,0.37034182,0.42076391,0.43904363,0.43177504,0.48828197,0.43834569,0.52845261,0.44166989,0.56408110,0.44237780,0.59722916,0.44071416,0.62874300,0.43667701,0.65874612,0.43010548,0.68683273,0.42074756,0.71213024,0.40833610,0.73330573,0.39269950,0.74856311,0.37393646
1.884956,0.600000,-0.44087181,0.44827586,-0.16758281,0.66086306,-0.18000956,0.62794182,-0.21418463,0.58632842,-0.26185649,0.55341285,-0.31158262,0.53966336,-0.35476421,0.54216804,-0.38806465,0.55200766,-0.41202364,0.56231865,-0.42879007,0.57009596,-0.44065672,0.57480034,-0.44947175,0.57688905,-0.45652681,0.57701908,-0.46261759,0.57573258,-0.46813150,0.57336758,-0.47310919,0.57004731,-0.44861351,0.47765706,-0.08980966,0.38940253,0.17153767,0.39126901,0.31593540,0.40541183,0.40483471,0.41656301,0.46780588,0.42372417,0.51782211,0.42752977,0.56089040,0.42848694,0.59989148,0.42682360,0.63612465,0.42254387,0.66995779,0.41549474,0.70110206,0.40543069,0.72871789,0.39209291,0.75144667,0.37532770,0.76742574,0.35527401
1.947787,0.620000,-0.46237571,0.37931034,-0.19818594,0.65674689,-0.20946820,0.62891642,-0.23867096,0.59440550,-0.27897181,0.56734367,-0.32108547,0.55591465,-0.35801301,0.55757930,-0.38698684,0.56505758,-0.40840573,0.57274328,-0.42401503,0.57818284,-0.43569703,0.58096373,-0.44496758,0.58150087,-0.45286913,0.58036433,-0.46001101,0.57800944,-0.46663415,0.57469855,-0.47265265,0.57048929,-0.46708783,0.49213113,-0.17830557,0.39688935,0.09013455,0.38386249,0.25824806,0.39284795,0.36659880,0.40276048,0.44382005,0.40979745,0.50439986,0.41369197,0.55556251,0.41466552,0.60095483,0.41285340,0.64233001,0.40822901,0.68031160,0.40062896,0.71473816,0.38980550,0.74481043,0.37550515,0.76914892,0.35759299,0.78582854,0.33625247
2.010619,0.640000,-0.48514060,0.34482759,-0.22269637,0.65316531,-0.23268958,0.63013037,-0.25730508,0.60218737,-0.29104292,0.58049485,-0.32652234,0.57122334,-0.35812880,0.57217337,-0.38356421,0.57751824,-0.40307149,0.58278760,-0.41801293,0.58604401,-0.42988767,0.58700510,-0.43990314,0.58605600,-0.44887027,0.58369124,-0.45722392,0.58028762,-0.46506530,0.57603729,-0.47218463,0.57093578,-0.47731644,0.50298062,-0.24698606,0.40719588,0.01451984,0.38099604,0.19936073,0.38318871,0.32532044,0.39057309,0.41673863,0.39672632,0.48833511,0.40026610,0.54813058,0.40098456,0.60040660,0.39884781,0.64733326,0.39375879,0.68978246,0.38552317,0.72772111,0.37388100,0.76039265,0.35858048,0.78639914,0.33950643,0.80375640,0.31689147
2.073451,0.660000,-0.50969887,0.27586207,-0.24117477,0.65051071,-0.24976859,0.63189304,-0.27020730,0.60985253,-0.29819292,0.59293281,-0.32799632,0.58558987,-0.35518209,0.58592357,-0.37783393,0.58936026,-0.39603161,0.59243001,-0.41077724,0.59366728,-0.42321357,0.59291970,-0.43426137,0.59055445,-0.44451550,0.58700225,-0.45424606,0.58257020,-0.46341968,0.57738623,-0.47170385,0.57138775,-0.48317293,0.51134555,-0.29977306,0.41841699,-0.05369344,0.38173894,0.14099407,0.37637489,0.28195835,0.38014248,0.38700379,0.38465413,0.46979960,0.38736002,0.53863865,0.38751775,0.59823716,0.38485437,0.65110742,0.37916233,0.69834246,0.37019456,0.74002778,0.35766792,0.77544618,0.34132839,0.80318086,0.32108157,0.82119100,0.29721438
2.136283,0.680000,-0.53636942,0.13793103,-0.25380543,0.64903226,-0.26092788,0.63438969,-0.27760930,0.61750631,-0.30062706,0.60470040,-0.32566284,0.59901621,-0.34927268,0.59880997,-0.36984718,0.60055857,-0.38730159,0.60165032,-0.40230136,0.60104031,-0.41565739,0.59870220,-0.42802245,0.59499574,-0.43978771,0.59029953,-0.45106569,0.58486020,-0.46169134,0.57874790,-0.47120894,0.57184619,-0.48657175,0.51796553,-0.34032087,0.42952103,-0.11400244,0.38515654,0.08446512,0.37220953,0.23740251,0.37154383,0.35507003,0.37370263,0.44898361,0.37507802,0.52714120,0.37434104,0.59443997,0.37092409,0.65362443,0.36447191,0.70596077,0.35466284,0.75163157,0.34117927,0.78994918,0.32376082,0.81947421,0.30233519,0.83811052,0.27724930
2.199115,0.700000,-0.56526245,0.03448276,-0.26087381,0.64884035,-0.26649251,0.63768883,-0.27983160,0.62518586,-0.29861716,0.61581743,-0.31972129,0.61150470,-0.34052623,0.61081856,-0.35966832,0.61109220,-0.37690188,0.61042965,-0.39257881,0.60815054,-0.40719957,0.60434658,-0.42116369,0.59937881,-0.43466734,0.59358500,-0.44766943,0.58716062,-0.45987360,0.58012486,-0.47069837,0.57231216,-0.48852351,0.52332571,-0.37159962,0.44001140,-0.16660821,0.39042904,0.03070180,0.37040409,0.19244462,0.36478890,0.32138991,0.36396881,0.42609190,0.36351889,0.51370258,0.36153218,0.58901179,0.35711170,0.65485516,0.34972347,0.71260343,0.33895092,0.76250216,0.32443089,0.80387602,0.30589282,0.83525551,0.28328820,0.85448923,0.25703028
2.261947,0.720000,-0.59630059,0.00000000,-0.26274264,0.64992275,-0.26686356,0.64175907,-0.27726032,0.63287059,-0.29248533,0.62628359,-0.31040605,0.62305751,-0.32909053,0.62194048,-0.34737387,0.62094386,-0.36485795,0.61875036,-0.38160350,0.61498508,-0.39781843,0.60984603,-0.41365943,0.60370199,-0.42913210,0.59686026,-0.44404205,0.58947445,-0.45795891,0.58151980,-0.47017048,0.57278677,-0.48959175,0.52775226,-0.39588678,0.44968980,-0.21209829,0.39689714,-0.01970754,0.37062304,0.14776138,0.35983322,0.28640171,0.35552297,0.40133957,0.35277413,0.49839645,0.34917012,0.58195286,0.34347580,0.65476955,0.33495708,0.71823329,0.32308538,0.77260517,0.30744214,0.81719687,0.28774334,0.85049686,0.26396664,0.87029710,0.23659867
2.324779,0.740000,-0.62925069,0.00000000,-0.25982845,0.65216826,-0.26249265,0.64649164,-0.27032464,0.64049575,-0.28258805,0.63608261,-0.29797742,0.63367652,-0.31513155,0.63217134,-0.33305150,0.63009977,-0.35120042,0.62659594,-0.36936997,0.62153066,-0.38749023,0.61519289,-0.40548090,0.60796286,-0.42315679,0.60012655,-0.44016630,0.59180461,-0.45593879,0.58293553,-0.46962344,0.57327123,-0.49010523,0.53147045,-0.41488541,0.45851356,-0.25123051,0.40406196,-0.06644930,0.37252057,0.10390911,0.35658635,0.25051951,0.34840804,0.37494803,0.34292623,0.48130506,0.33733433,0.57326712,0.33007906,0.65333671,0.32021751,0.72280980,0.30709728,0.78190187,0.29023669,0.82987731,0.26933622,0.86516572,0.24440300,0.88549933,0.21600492
2.387610,0.760000,-0.66376003,0.00000000,-0.25257988,0.65539406,-0.25385900,0.65172473,-0.25947665,0.64796689,-0.26930143,0.64518717,-0.28271293,0.64336358,-0.29882941,0.64151057,-0.31679885,0.63854923,-0.33596514,0.63395095,-0.35587379,0.62777358,-0.37618930,0.62037851,-0.39659606,0.61215823,-0.41671300,0.60338474,-0.43602265,0.59415402,-0.45380364,0.58437497,-0.46905519,0.57376681,-0.49026309,0.53463995,-0.42985784,0.46651575,-0.28480034,0.41156305,-0.10941841,0.37576675,0.06132676,0.35492351,0.21412580,0.34264017,0.34714124,0.33404713,0.46251856,0.32610401,0.56296245,0.31698826,0.65052511,0.30555484,0.72628897,0.29102291,0.79034886,0.27284348,0.84187791,0.25070134,0.87922444,0.22463772,0.90005588,0.19531067
2.450442,0.780000,-0.69939152,0.00000000,-0.24145894,0.65937266,-0.24144975,0.65726651,-0.24517392,0.65517340,-0.25300831,0.65356379,-0.26489926,0.65212099,-0.28037446,0.64996098,-0.29872235,0.64628441,-0.31919333,0.64080093,-0.34111191,0.63369964,-0.36388825,0.62539323,-0.38696951,0.61628399,-0.40976884,0.60663523,-0.43158901,0.59652554,-0.45154262,0.58584122,-0.46846347,0.57427490,-0.49018970,0.53737664,-0.44173962,0.47376230,-0.31356762,0.41914985,-0.14865885,0.38006358,0.02034510,0.35469722,0.17756644,0.33821038,0.31814227,0.32619694,0.44213420,0.31555722,0.55105096,0.30427438,0.64630285,0.29102509,0.72862326,0.27490477,0.79789772,0.25529783,0.85315374,0.23187602,0.89262967,0.20472106,0.91392094,0.17459140
2.513274,0.800000,-0.73565378,0.00000000,-0.22692541,0.66385605,-0.22574422,0.66291483,-0.22786559,0.66200011,-0.23408746,0.66117720,-0.24482521,0.65995206,-0.25996360,0.65752821,-0.27893596,0.65330004,-0.30093161,0.64713236,-0.32508310,0.63929410,-0.35055810,0.63022618,-0.37656233,0.62033500,-0.40228856,0.60987789,-0.42684040,0.59892198,-0.44914345,0.58733755,-0.46784573,0.57479700,-0.48996478,0.53976642,-0.45122720,0.48032993,-0.33822126,0.42665459,-0.18431452,0.38515265,-0.01880075,0.35574803,0.14114792,0.33508723,0.28817015,0.31942288,0.42025557,0.30576987,0.53754924,0.29201253,0.64063793,0.27669086,0.72976155,0.25879259,0.80449468,0.23764277,0.86365386,0.21290671,0.90533186,0.18471549,0.92704234,0.15393971
2.576106,0.820000,-0.77202335,0.00000000,-0.20942475,0.66859531,-0.20720187,0.66847260,-0.20798159,0.66833631,-0.21290495,0.66799394,-0.22277557,0.66686163,-0.23779684,0.66422039,-0.25755995,0.65959309,-0.28123216,0.65293255,-0.30778842,0.64454161,-0.33616866,0.63486527,-0.36533196,0.62430499,-0.39423221,0.61311197,-0.42174856,0.60134607,-0.44659221,0.58886743,-0.46719912,0.57533477,-0.48964049,0.54187423,-0.45884270,0.48629512,-0.35936672,0.43396973,-0.21659093,0.39081690,-0.05595709,0.35791341,0.10513651,0.33322002,0.25743731,0.31375863,0.39699180,0.29681461,0.52247871,0.28028176,0.63349862,0.26262208,0.72964915,0.24274458,0.81008029,0.21993070,0.87332076,0.19385111,0.91727456,0.16469849,0.93936096,0.13346950
2.638938,0.840000,-0.80795787,0.06896552,-0.18937912,0.67335504,-0.18625380,0.67375859,-0.18592515,0.67408205,-0.18980774,0.67398506,-0.19902625,0.67285654,-0.21407417,0.67004781,-0.23471965,0.66516258,-0.26015273,0.65818964,-0.28923183,0.64942626,-0.32068879,0.63929701,-0.35323207,0.62818636,-0.38555517,0.61633600,-0.41628145,0.60380043,-0.44387302,0.59043456,-0.46652041,0.57589001,-0.48925154,0.54374998,-0.46498077,0.49172913,-0.37752596,0.44103024,-0.24572688,0.39687859,-0.09103744,0.36103474,0.06975888,0.33254255,0.22614736,0.30922402,0.37245671,0.28875963,0.50586588,0.26916468,0.62485389,0.24889663,0.72822785,0.22682885,0.81458908,0.20222525,0.88208984,0.17478073,0.92839378,0.14476623,0.95081001,0.11332132
2.701770,0.860000,-0.84289972,0.06896552,-0.16718139,0.67792307,-0.16329730,0.67861405,-0.16206780,0.67915208,-0.16511920,0.67912793,-0.17384038,0.67794600,-0.18899295,0.67502262,-0.21054429,0.67000930,-0.23775677,0.66289253,-0.26942075,0.65393145,-0.30408685,0.64350642,-0.34021251,0.63197007,-0.37620770,0.61954764,-0.41040277,0.60628754,-0.44096777,0.59204290,-0.46580594,0.57646471,-0.48882135,0.54543262,-0.46994237,0.49669609,-0.39314353,0.44780064,-0.27197437,0.40319528,-0.12400907,0.36496235,0.03520395,0.33297690,0.19449331,0.30582512,0.34676803,0.28166745,0.48774271,0.25874694,0.61467391,0.23560104,0.72543604,0.21112501,0.81794922,0.18460371,0.88988873,0.15578409,0.93861727,0.12503819,0.96131442,0.09366950
2.764602,0.880000,-0.87627001,0.06896552,-0.14319148,0.68211580,-0.13869295,0.68290606,-0.13674681,0.68347769,-0.13913634,0.68340717,-0.14746555,0.68214173,-0.16274557,0.67915860,-0.18516582,0.67413558,-0.21411344,0.66703081,-0.24836672,0.65803999,-0.28633128,0.64747696,-0.32621927,0.63564538,-0.36613438,0.62274353,-0.40407130,0.60880967,-0.43785570,0.59369671,-0.46505156,0.57706110,-0.48836585,0.54695298,-0.47395904,0.50125259,-0.40659536,0.45426539,-0.29558498,0.40965491,-0.15488095,0.36955863,0.00162554,0.33443713,0.16265637,0.30355469,0.32004657,0.27559360,0.46814692,0.24911639,0.60293068,0.22283097,0.72120894,0.19572596,0.82008228,0.16715980,0.89663674,0.13697087,0.94786375,0.10566322,0.97079004,0.07473171
2.827433,0.900000,-0.90745210,0.06896552,-0.11773472,0.68578036,-0.11276366,0.68652815,-0.11026432,0.68700705,-0.11212844,0.68681504,-0.12013188,0.68545803,-0.13551762,0.68247093,-0.15871785,0.67754514,-0.18929761,0.67059477,-0.22608617,0.66173401,-0.26739119,0.65119034,-0.31119448,0.63919970,-0.35527358,0.62591909,-0.39724015,0.61136881,-0.43451296,0.59540054,-0.46425250,0.57768163,-0.48789597,0.54833579,-0.47721048,0.50544810,-0.41819808,0.46042227,-0.31680117,0.41617089,-0.18369341,0.37469985,-0.03085444,0.33683269,0.13080495,0.30239306,0.29241548,0.27058543,0.44712232,0.24036200,0.58959865,0.21069159,0.71547892,0.18073988,0.82090300,0.15000728,0.90224418,0.11847707,0.95604209,0.08682756,0.97914290,0.05678249
2.890265,0.920000,-0.93576215,0.06896552,-0.09110174,0.68879423,-0.08579525,0.68939920,-0.08288782,0.68970442,-0.08433684,0.68935112,-0.09205091,0.68791173,-0.10748640,0.68497598,-0.13133462,0.68024288,-0.16338990,0.67357535,-0.20260118,0.66499503,-0.24723722,0.65462648,-0.29507660,0.64261831,-0.34355679,0.62906831,-0.38985588,0.61396659,-0.43091201,0.59715932,-0.46340329,0.57832908,-0.48741920,0.54960108,-0.47983731,0.50932556,-0.42821781,0.46627757,-0.33585103,0.42267750,-0.21050942,0.38027667,-0.06214257,0.34007146,0.09909422,0.30230930,0.26399948,0.26668098,0.42471916,0.23257238,0.57465555,0.19929760,0.70817594,0.16629243,0.82031911,0.13328419,0.90661181,0.10047201,0.96305054,0.06876596,0.98626850,0.04017334
2.953097,0.940000,-0.96039981,0.06896552,-0.06354945,0.69106334,-0.05803804,0.69146122,-0.05485164,0.69154862,-0.05597555,0.69102181,-0.06341521,0.68952193,-0.07881986,0.68669115,-0.10315009,0.68223474,-0.13647662,0.67596411,-0.17794033,0.66780396,-0.22584246,0.65776336,-0.27780060,0.64588410,-0.33090799,0.63218342,-0.38185750,0.61660410,-0.42702096,0.59897833,-0.46249757,0.57900656,-0.48694063,0.55076525,-0.48195048,0.51292225,-0.43687821,0.47184295,-0.35294556,0.42912580,-0.23540750,0.38619398,-0.09217039,0.34406216,0.06766588,0.30326264,0.23492415,0.26390799,0.40099438,0.22583408,0.55808325,0.18877284,0.69922814,0.15252890,0.81823131,0.11715825,0.90963021,0.08316760,0.96877592,0.05177776,0.99205105,0.02536492
3.015929,0.960000,-0.98036000,0.03448276,-0.03530278,0.69251912,-0.02970916,0.69267641,-0.02635903,0.69253120,-0.02723254,0.69183948,-0.03439851,0.69030981,-0.04967581,0.68763467,-0.07429711,0.68352754,-0.10864969,0.67775327,-0.15213962,0.67014116,-0.20318362,0.66057696,-0.25929842,0.64897728,-0.31724298,0.63525459,-0.37317522,0.61928176,-0.42280267,0.60086328,-0.46152798,0.57971762,-0.48646376,0.55184186,-0.48363817,0.51627045,-0.44436732,0.47713309,-0.36827752,0.43548022,-0.25847606,0.39237011,-0.12089094,0.34871639,0.03664823,0.30520402,0.20531524,0.26228323,0.37601194,0.22022944,0.53986872,0.17924918,0.68856260,0.13961626,0.81453336,0.10183343,0.91117932,0.06683147,0.97309281,0.03625170,0.99636282,0.01298534
3.078761,0.980000,-0.99424139,0.00000000,-0.00655697,0.69311517,-0.00099524,0.69302415,0.00241532,0.69265436,0.00172862,0.69182153,-0.00515614,0.69029823,-0.02020148,0.68782546,-0.04490666,0.68412892,-0.08000653,0.67893565,-0.12524334,0.67198648,-0.17924243,0.66304115,-0.23949960,0.65187505,-0.30246866,0.63826952,-0.36372906,0.62199911,-0.41821375,0.60282034,-0.46048589,0.58046626,-0.48599086,0.55284224,-0.48497097,0.51939818,-0.45084349,0.48216430,-0.38202151,0.44171568,-0.27980899,0.39873572,-0.14827555,0.35395007,0.00615649,0.30807785,0.17529806,0.26181205,0.34984303,0.21583432,0.52000515,0.17086461,0.67610635,0.12774457,0.80911237,0.08755787,0.91112806,0.05180601,0.97586293,0.02270849,0.99906353,0.00395955
3.141593,1.000000,-0.99953342,0.00000000,0.02251995,0.69282377,0.02794467,0.69249791,0.03132261,0.69192893,0.03076686,0.69098944,0.02417401,0.68951145,0.00946667,0.68728298,-0.01510720,0.68404719,-0.05064993,0.67950472,-0.09730508,0.67331939,-0.15400719,0.66512765,-0.21833221,0.65455125,-0.28648243,0.64121293,-0.35342713,0.62475445,-0.41320320,0.60485609,-0.45936113,0.58125709,-0.48552342,0.55377589,-0.48600576,0.52232982,-0.45644028,0.48695346,-0.39433457,0.44781530,-0.29950230,0.40523259,-0.17431077,0.35968443,-0.02370672,0.31182364,0.14499691,0.26248835,0.32256633,0.21271556,0.49849308,0.16376018,0.66178755,0.11712718,0.80184933,0.07463286,0.90933411,0.03853701,0.97693454,0.01188540,1.00000000,0.00000000
